{"id": 0, "tokens_handled": 7, "rockets_sent": 2, "rockets_received": 13, "retransmits": 0, "rounds": 7, "round_times": [0.004653599997254787, 0.0012635000020964071, 0.0006709999979648273, 0.0006281000023591332, 0.0003256999989389442, 0.00033149999944726005, 0.0003316000002087094]}