{"id": 0, "tokens_handled": 5, "rockets_sent": 1, "rockets_received": 3, "retransmits": 0, "rounds": 5, "round_times": [0.0009081999960471876, 0.0003079000016441569, 0.00015079999866429716, 0.00014280000323196873, 9.409999620402232e-05]}