{"id": 0, "tokens_handled": 15, "rockets_sent": 1, "rockets_received": 1012, "retransmits": 0, "rounds": 15, "round_times": [15.385899900000368, 7.3323130999997375, 3.4249821999983396, 2.0817580000002636, 0.9539214000033098, 0.4873171999970509, 0.19316020000042045, 0.16395860000193352, 0.10812259999875096, 0.05041930000152206, 0.07392629999958444, 0.08414189999894006, 0.05360339999970165, 0.052307500001916196, 0.054079199999250704]}