{"id": 0, "tokens_handled": 18, "rockets_sent": 2, "rockets_received": 1050, "retransmits": 0, "rounds": 18, "round_times": [17.119394899997133, 8.814340200002334, 4.37168489999749, 2.206434100000479, 0.7728919000001042, 1.0596418999994057, 0.38649699999950826, 0.29348940000272705, 0.11820230000012089, 0.049658899999485584, 0.050314399999479065, 0.08377960000143503, 0.05072019999715849, 0.049607900000410154, 0.08401910000247881, 0.05021869999836781, 0.05149629999868921, 0.05148650000046473]}