{"id": 0, "tokens_handled": 6, "rockets_sent": 2, "rockets_received": 4, "retransmits": 0, "rounds": 6, "round_times": [0.0009470000004512258, 0.0002468999991833698, 0.00018080000154441223, 7.579999873996712e-05, 7.760000153211877e-05, 6.849999772384763e-05]}