{"id": 0, "tokens_handled": 16, "rockets_sent": 2, "rockets_received": 2050, "retransmits": 0, "rounds": 16, "round_times": [65.93278579999969, 30.58804269999746, 17.504458700001123, 7.012243799999851, 3.924389499999961, 1.6206056000009994, 1.1347997999982908, 1.0311887000025308, 0.34732359999907203, 0.47290439999778755, 0.17108990000269841, 0.16248730000006617, 0.1658986999973422, 0.10396570000011707, 0.10145140000167885, 0.10071059999972931]}