{"id": 0, "tokens_handled": 11, "rockets_sent": 3, "rockets_received": 77, "retransmits": 0, "rounds": 11, "round_times": [0.04387510000015027, 0.02318089999971562, 0.01774660000228323, 0.0034980999989784323, 0.004571400000713766, 0.003566899998986628, 0.003479999999399297, 0.002374799998506205, 0.0012870999998995103, 0.0012899000030301977, 0.0012731999995594379]}