{"id": 0, "tokens_handled": 11, "rockets_sent": 1, "rockets_received": 126, "retransmits": 0, "rounds": 11, "round_times": [0.20367369999803486, 0.09295470000142814, 0.050529799998912495, 0.021438499999931082, 0.011506200000440003, 0.008679200000187848, 0.005618499999400228, 0.014580700000806246, 0.002675799998542061, 0.002788200003124075, 0.0025653999982750975]}