{"id": 0, "tokens_handled": 13, "rockets_sent": 2, "rockets_received": 512, "retransmits": 0, "rounds": 13, "round_times": [4.135936399998172, 2.2968008999996528, 0.9335641000034229, 0.5149066999983916, 0.4268107999996573, 0.1545284999992873, 0.040285700000822544, 0.055007899998599896, 0.05788329999995767, 0.04112650000024587, 0.023952200001076562, 0.022986500000115484, 0.021449100000609178]}