{"id": 0, "tokens_handled": 8, "rockets_sent": 2, "rockets_received": 11, "retransmits": 0, "rounds": 8, "round_times": [0.0023967000015545636, 0.0007079999995767139, 0.0004972999995516147, 0.00017099999968195334, 0.0004990000015823171, 0.00017250000018975697, 0.00016429999959655106, 0.0001612999985809438]}