{"id": 0, "tokens_handled": 13, "rockets_sent": 1, "rockets_received": 519, "retransmits": 0, "rounds": 13, "round_times": [4.138406700003543, 2.0405663999990793, 1.1205680999992182, 0.5440352000005078, 0.25205609999829903, 0.08409450000181096, 0.13146839999899385, 0.03903609999906621, 0.037609999999403954, 0.039791500003047986, 0.024960099999589147, 0.02618129999973462, 0.02717560000019148]}