{"id": 0, "tokens_handled": 7, "rockets_sent": 1, "rockets_received": 7, "retransmits": 0, "rounds": 7, "round_times": [0.0017785000018193386, 0.0005734999976994004, 0.00023100000180420466, 0.00039539999852422625, 0.0002069000001938548, 0.0001658000001043547, 0.00018479999926057644]}