{"id": 0, "tokens_handled": 14, "rockets_sent": 3, "rockets_received": 249, "retransmits": 0, "rounds": 14, "round_times": [1.005236299999524, 0.49573550000059186, 0.23764200000005076, 0.10790610000185552, 0.07769849999749567, 0.03340810000008787, 0.02437650000138092, 0.031175799998891307, 0.010250499999528984, 0.012078800002200296, 0.020909599999868078, 0.012410799998178845, 0.012198500000522472, 0.008892300000297837]}