{"id": 0, "tokens_handled": 15, "rockets_sent": 2, "rockets_received": 2082, "retransmits": 0, "rounds": 15, "round_times": [64.62970810000115, 32.49088530000154, 16.412705700000515, 7.97696019999421, 4.255523400002858, 2.1502237000022433, 0.9429401999950642, 0.5751928000026965, 0.29668259999743896, 0.4797268000038457, 0.21883399999933317, 0.16874549999920418, 0.10210389999701874, 0.10588120000466006, 0.10472989999834681]}