{"id": 0, "tokens_handled": 12, "rockets_sent": 2, "rockets_received": 132, "retransmits": 0, "rounds": 12, "round_times": [0.20051739999689744, 0.10260980000020936, 0.04346140000052401, 0.02015699999901699, 0.020237500000803266, 0.012949200001457939, 0.0090027000005648, 0.009017199998197611, 0.005895099999179365, 0.003022200002305908, 0.002636299999721814, 0.0028998999987379648]}