{"id": 0, "tokens_handled": 8, "rockets_sent": 2, "rockets_received": 15, "retransmits": 0, "rounds": 8, "round_times": [0.0045662999982596375, 0.0015937000025587622, 0.0009563999992678873, 0.000325400000292575, 0.0006305999995674938, 0.00032640000063111074, 0.00032079999800771475, 0.0003221000006305985]}