{"id": 0, "tokens_handled": 16, "rockets_sent": 2, "rockets_received": 991, "retransmits": 0, "rounds": 16, "round_times": [15.196123499998066, 6.554339900001651, 3.338922700000694, 1.9366224999976112, 1.1821545000020706, 0.48696389999895473, 0.19332159999976284, 0.16632120000213035, 0.10861829999703332, 0.051042000002780696, 0.05150609999691369, 0.08083280000209925, 0.08782269999937853, 0.053362700000434415, 0.05261890000110725, 0.052230499997676816]}