{"id": 0, "tokens_handled": 11, "rockets_sent": 2, "rockets_received": 254, "retransmits": 0, "rounds": 11, "round_times": [1.0085352000023704, 0.461729299997387, 0.24692070000310196, 0.13710569999966538, 0.09797310000067228, 0.031590399998094654, 0.02357349999874714, 0.01624390000142739, 0.0080350999996881, 0.007537199999205768, 0.007441900001140311]}