{"id": 0, "tokens_handled": 10, "rockets_sent": 2, "rockets_received": 68, "retransmits": 0, "rounds": 10, "round_times": [0.04256850000092527, 0.024350700001377845, 0.01210949999949662, 0.004784000000654487, 0.0037867999999434687, 0.001395399998727953, 0.0037549000007857103, 0.0014885999989928678, 0.00145400000110385, 0.0014713999989908189]}