{"id": 0, "tokens_handled": 9, "rockets_sent": 4, "rockets_received": 127, "retransmits": 0, "rounds": 9, "round_times": [0.15273850000085076, 0.06235689999812166, 0.051498900000297, 0.018403900001430884, 0.015672500001528533, 0.0047294999967562035, 0.0025371000010636635, 0.0026489000010769814, 0.0025534999986120965]}