{"id": 0, "tokens_handled": 8, "rockets_sent": 1, "rockets_received": 30, "retransmits": 0, "rounds": 8, "round_times": [0.013257299997349037, 0.004091400001925649, 0.004002499998023268, 0.0012305000018386636, 0.0012115999998059124, 0.0006369000002450775, 0.0007956000008562114, 0.0006498999973700847]}