{"id": 0, "tokens_handled": 11, "rockets_sent": 1, "rockets_received": 259, "retransmits": 0, "rounds": 11, "round_times": [1.0065950999996858, 0.4815889000019524, 0.26893740000014077, 0.12993869999991148, 0.08495679999759886, 0.02386340000157361, 0.05383869999786839, 0.02391180000267923, 0.009066299997357419, 0.00766970000040601, 0.00760190000073635]}