{"id": 0, "tokens_handled": 11, "rockets_sent": 2, "rockets_received": 514, "retransmits": 0, "rounds": 11, "round_times": [4.03642630000104, 1.9977691999993112, 1.0598867000007886, 0.549862399999256, 0.2803243999987899, 0.09976060000190046, 0.07913579999876674, 0.05876890000217827, 0.024779399998806184, 0.023411300000589108, 0.025420099998882506]}