{"id": 0, "tokens_handled": 7, "rockets_sent": 2, "rockets_received": 17, "retransmits": 0, "rounds": 7, "round_times": [0.004570199998852331, 0.0012879000023531262, 0.001566299997648457, 0.0009229999996023253, 0.00035209999987273477, 0.0003535000032570679, 0.0003347999991092365]}