{"id": 0, "tokens_handled": 7, "rockets_sent": 2, "rockets_received": 2, "retransmits": 2, "rounds": 7, "round_times": [0.6951049999915995, 0.004569800017634407, 0.008345999987795949, 0.003957000008085743, 0.0036723999946843833, 0.003693500009831041, 0.003659799986053258], "bcast": "multicast", "host": "Tim"}