{"id": 0, "tokens_handled": 10, "rockets_sent": 4, "rockets_received": 2, "retransmits": 0, "rounds": 10, "round_times": [0.023239400004968047, 0.004198599985102192, 0.009590000001480803, 0.004225000011501834, 0.0038653999799862504, 0.01128850001259707, 0.004347399983089417, 0.004137900017667562, 0.005801399995107204, 0.003918400005204603], "bcast": "unicast", "host": "Tim"}