{"id": 0, "tokens_handled": 14, "rockets_sent": 1, "rockets_received": 2048, "retransmits": 0, "rounds": 14, "round_times": [63.04491010000129, 31.7889983999994, 16.416578900003515, 7.901486299997487, 4.266790800000308, 1.780990200000815, 0.9411631999973906, 0.35889619999943534, 0.17358629999944242, 0.10522930000297492, 0.23554489999514772, 0.1044158000004245, 0.09730290000152308, 0.09421680000377819]}