{"id": 0, "tokens_handled": 7, "rockets_sent": 1, "rockets_received": 7, "retransmits": 0, "rounds": 7, "round_times": [0.002069500002107816, 0.0007200000000011642, 0.0006560000001627486, 0.0003895999980159104, 0.00020570000197039917, 0.000176199999259552, 0.00016590000086580403]}