{"id": 0, "tokens_handled": 11, "rockets_sent": 1, "rockets_received": 32, "retransmits": 0, "rounds": 11, "round_times": [0.013072000001557171, 0.004584199999953853, 0.002890699997806223, 0.001201200000650715, 0.0017853999997896608, 0.001209400001243921, 0.0006395999989763368, 0.0011873000003106426, 0.0006361000014294405, 0.0006520999995700549, 0.0006294000013440382]}