{"id": 0, "tokens_handled": 7, "rockets_sent": 2, "rockets_received": 30, "retransmits": 0, "rounds": 7, "round_times": [0.012528800001746276, 0.005470600000990089, 0.003030599997146055, 0.001774100001057377, 0.000636500000837259, 0.0006514999986393377, 0.0006300000022747554]}