{"id": 0, "tokens_handled": 9, "rockets_sent": 1, "rockets_received": 63, "retransmits": 0, "rounds": 9, "round_times": [0.04360350000206381, 0.017920499998581363, 0.009147100001428043, 0.007877299998654053, 0.0023748999992676545, 0.0034198000030301046, 0.001399599997967016, 0.0017789000012271572, 0.0013486999996530358]}